,train,val,test
0,2025-02-05-22-58-11,2025-02-05-23-00-05,13952-0
1,2025-02-05-22-59-14,2025-02-05-23-02-25,13952-1
2,2025-02-05-23-04-18,2025-02-05-23-20-42,13953-0
3,2025-02-05-23-05-55,2025-02-05-23-23-10,13953-1
4,2025-02-05-23-07-43,2025-02-05-23-39-39,13954-0
5,2025-02-05-23-10-36,2025-02-05-23-41-39,13955-0
6,2025-02-05-23-12-46,2025-02-05-23-56-41,13957-0
7,2025-02-05-23-14-54,2025-02-05-23-58-30,13958-0
8,2025-02-05-23-15-54,2025-02-06-00-17-16,13958-1
9,2025-02-05-23-18-40,2025-02-06-00-19-28,13958-2
10,2025-02-05-23-24-27,2025-02-06-00-34-41,13958-3
11,2025-02-05-23-27-12,2025-02-06-00-36-03,13959-0
12,2025-02-05-23-28-51,2025-02-17-16-45-24,13960-0
13,2025-02-05-23-30-11,2025-02-17-16-46-54,13961-0
14,2025-02-05-23-31-42,2025-02-17-17-04-42,13961-1
15,2025-02-05-23-33-45,2025-02-17-17-06-53,13962-0
16,2025-02-05-23-35-28,2025-02-17-17-24-03,13962-1
17,2025-02-05-23-38-21,2025-02-17-17-26-40,13963-0
18,2025-02-05-23-43-23,2025-02-17-17-39-17,13964-0
19,2025-02-05-23-44-27,2025-02-17-17-40-15,13965-0
20,2025-02-05-23-46-58,2025-02-17-17-53-54,13965-1
21,2025-02-05-23-48-03,2025-02-17-17-57-18,13965-2
22,2025-02-05-23-49-50,2025-02-17-18-16-18,13966-0
23,2025-02-05-23-51-39,2025-02-17-18-17-42,13969-0
24,2025-02-05-23-52-44,2025-02-17-18-39-18,13969-1
25,2025-02-05-23-55-11,2025-02-17-18-40-57,13971-0
26,2025-02-06-00-00-39,2025-02-17-19-09-56,13972-0
27,2025-02-06-00-01-42,2025-02-17-19-11-01,13972-1
28,2025-02-06-00-04-21,2025-02-17-19-23-10,13973-0
29,2025-02-06-00-06-56,2025-02-17-19-24-00,13973-1
30,2025-02-06-00-09-11,681689-9,13973-2
31,2025-02-06-00-11-02,681689-10,13974-0
32,2025-02-06-00-13-11,681691-4,13974-1
33,2025-02-06-00-14-52,681691-5,13975-0
34,2025-02-06-00-21-29,681770-10,13976-0
35,2025-02-06-00-23-02,681770-11,13977-0
36,2025-02-06-00-24-24,681771-11,13977-1
37,2025-02-06-00-25-37,681771-12,13977-2
38,2025-02-06-00-27-18,681772-10,13978-0
39,2025-02-06-00-29-04,681774-2,13978-1
40,2025-02-06-00-30-03,2024-03-21-20-46-25,13979-0
41,2025-02-06-00-32-37,2024-03-22-08-22-06,13980-0
42,2025-02-06-00-36-46,2024-03-26-05-11-47,13980-1
43,2025-02-06-00-38-22,2024-03-27-02-02-13,13980-2
44,2025-02-06-00-40-42,2024-03-27-02-31-12,13981-0
45,2025-02-06-00-42-58,2024-03-29-02-07-01,13981-1
46,2025-02-06-00-44-26,2024-03-29-02-29-05,13982-0
47,2025-02-06-00-48-59,2024-04-07-18-01-46,13983-0
48,2025-02-17-16-36-14,2024-04-07-19-29-59,13983-1
49,2025-02-17-16-41-54,2024-04-08-00-56-24,13983-2
50,2025-02-17-16-48-38,2024-04-08-00-57-55,13983-3
51,2025-02-17-16-52-00,2024-04-25-18-46-47,18827-0
52,2025-02-17-16-55-26,2024-04-25-19-28-22,18827-1
53,2025-02-17-16-56-32,2024-04-26-07-10-21,18827-2
54,2025-02-17-16-58-47,2024-04-26-07-17-40,18829-0
55,2025-02-17-17-00-39,2024-04-28-23-07-18,18830-0
56,2025-02-17-17-02-04,2024-04-29-00-02-46,18831-0
57,2025-02-17-17-03-33,2024-04-29-08-04-34,18832-0
58,2025-02-17-17-08-28,2024-04-29-10-00-53,18833-0
59,2025-02-17-17-09-26,2025-02-05-16-16-00,18834-0
60,2025-02-17-17-13-04,2025-02-05-16-18-54,18835-0
61,2025-02-17-17-14-01,2025-02-05-16-42-27,18836-0
62,2025-02-17-17-17-09,2025-02-05-16-45-31,18836-1
63,2025-02-17-17-19-21,2025-02-05-17-05-35,18837-0
64,2025-02-17-17-22-29,2025-02-05-17-09-34,18838-0
65,2025-02-17-17-23-08,2025-02-05-17-32-06,18839-0
66,2025-02-17-17-28-30,2025-02-05-17-34-51,18840-0
67,2025-02-17-17-30-53,2025-02-05-17-57-37,18840-1
68,2025-02-17-17-32-00,2025-02-05-18-01-36,18840-2
69,2025-02-17-17-33-22,2025-02-05-18-24-28,18840-3
70,2025-02-17-17-34-29,2025-02-05-18-28-06,18840-4
71,2025-02-17-17-35-52,2025-02-05-18-49-35,18840-5
72,2025-02-17-17-36-59,2025-02-05-18-51-16,18841-0
73,2025-02-17-17-38-04,2025-02-05-19-12-02,18841-1
74,2025-02-17-17-41-05,2025-02-05-19-14-11,18841-2
75,2025-02-17-17-42-47,2024-03-21-18-38-47,18842-0
76,2025-02-17-17-44-53,2024-03-22-01-01-13,18843-0
77,2025-02-17-17-45-49,2024-03-22-01-53-21,18843-1
78,2025-02-17-17-47-30,2024-03-22-05-12-42,18844-0
79,2025-02-17-17-48-59,2024-03-22-05-55-56,18845-0
80,2025-02-17-17-50-39,2024-03-25-18-25-36,18846-0
81,2025-02-17-17-52-11,2024-03-25-21-05-19,18847-0
82,2025-02-17-18-00-22,2024-03-26-01-48-44,18847-1
83,2025-02-17-18-02-28,2024-03-26-01-54-06,18847-2
84,2025-02-17-18-04-54,2024-03-26-19-21-48,18847-3
85,2025-02-17-18-07-50,2024-03-26-19-45-55,18847-4
86,2025-02-17-18-09-30,2024-03-28-21-11-53,18847-5
87,2025-02-17-18-11-27,2024-03-28-21-31-19,18847-6
88,2025-02-17-18-13-40,2024-03-29-02-23-22,18847-7
89,2025-02-17-18-14-54,2024-03-29-02-55-11,18847-8
90,2025-02-17-18-19-45,2024-04-07-16-37-59,18847-9
91,2025-02-17-18-21-47,2024-04-07-16-39-47,18847-10
92,2025-02-17-18-25-15,2024-04-07-21-06-43,18848-0
93,2025-02-17-18-27-33,2024-04-07-21-32-44,18848-1
94,2025-02-17-18-29-49,2024-04-08-00-51-20,18848-2
95,2025-02-17-18-31-02,2024-04-08-01-07-09,18848-3
96,2025-02-17-18-35-27,2024-04-25-17-45-04,18848-4
97,2025-02-17-18-36-55,2024-04-25-23-29-54,18848-5
98,2025-02-17-18-49-10,2024-04-26-05-15-17,18848-6
99,2025-02-17-19-02-00,2024-04-29-03-30-21,18849-0
100,2025-02-17-19-02-52,2024-04-29-03-33-35,18849-1
101,2025-02-17-19-04-05,2024-04-29-12-36-46,18849-2
102,2025-02-17-19-05-15,2024-04-29-13-04-44,18850-0
103,2025-02-17-19-06-04,2024-09-06-13-12-00,18850-1
104,2025-02-17-19-07-02,2024-09-06-13-14-17,18850-2
105,2025-02-17-19-07-51,2024-09-06-13-34-08,18851-0
106,2025-02-17-19-12-24,2024-09-06-13-35-58,18852-0
107,2025-02-17-19-13-28,2024-09-06-14-22-27,18853-0
108,2025-02-17-19-14-13,2024-09-06-14-24-55,19667-0
109,2025-02-17-19-14-52,2024-09-06-14-47-03,19668-0
110,2025-02-17-19-15-41,2024-03-21-17-03-35,19669-0
111,2025-02-17-19-17-30,2024-03-21-17-15-11,19671-0
112,2025-02-17-19-19-40,2024-03-21-19-30-43,19672-0
113,2025-02-17-19-21-47,2024-03-21-19-37-09,19674-0
114,2025-02-17-19-25-04,2024-03-21-20-49-28,19675-0
115,681689-1,2024-03-21-22-40-22,19676-0
116,681689-2,2024-03-21-23-01-43,19677-0
117,681689-3,2024-03-22-00-19-37,19678-0
118,681689-5,2024-03-22-00-27-00,19680-0
119,681689-6,2024-03-22-02-18-24,19681-0
120,681689-7,2024-03-22-02-22-06,19684-0
121,681689-8,2024-03-22-03-19-47,19685-0
122,681689-11,2024-03-22-04-31-44,19686-0
123,681689-12,2024-03-22-05-15-35,19689-0
124,681689-13,2024-03-22-06-51-44,19690-0
125,681689-14,2024-03-22-08-31-21,19691-0
126,681690-4,2024-03-22-08-32-32,19692-0
127,681690-5,2024-03-22-09-44-45,19693-0
128,681690-6,2024-03-22-09-47-48,19694-0
129,681690-7,2024-03-25-16-25-39,19695-0
130,681691-6,2024-03-25-16-26-54,19696-0
131,681691-7,2024-03-25-17-11-10,19697-0
132,681691-8,2024-03-25-19-06-41,19698-0
133,681763-2,2024-03-25-19-13-28,19699-0
134,681763-3,2024-03-25-19-50-09,19700-0
135,681763-4,2024-03-25-19-51-05,26787-0
136,681769-4,2024-03-25-21-10-16,26788-0
137,681769-5,2024-03-25-22-21-11,26789-0
138,681770-12,2024-03-25-23-42-47,26790-0
139,681770-13,2024-03-26-00-48-05,26791-0
140,681770-14,2024-03-26-02-51-19,26792-0
141,681770-15,2024-03-26-02-54-48,26793-0
142,681771-2,2024-03-26-03-53-28,26794-0
143,681771-4,2024-03-26-04-03-04,26795-0
144,681771-5,2024-03-26-05-53-29,26796-0
145,681771-6,2024-03-21-16-40-30,26797-0
146,681771-13,2024-03-21-16-46-42,26798-0
147,681771-14,2024-03-21-18-12-33,26799-0
148,681771-15,2024-03-21-18-15-25,26800-0
149,681771-19,2024-03-21-20-12-14,26801-0
150,681771-22,2024-03-21-20-18-58,26802-0
151,681772-1,2024-03-21-21-50-25,26803-0
152,681772-7,2024-03-21-21-53-24,26804-0
153,681772-9,2024-03-21-22-33-26,26805-0
154,681774-3,2024-03-21-22-44-12,26806-0
155,681774-10,2024-03-21-23-28-20,26807-0
156,681774-11,2024-03-21-23-32-32,26808-0
157,681774-12,2024-03-22-01-23-20,26809-0
158,681774-13,2024-03-22-01-28-18,26810-0
159,681774-14,2024-03-22-02-25-43,26811-0
160,2024-03-21-18-25-08,2024-03-22-02-29-04,26812-0
161,2024-03-21-18-34-45,2024-03-22-04-12-25,26813-0
162,2024-03-22-02-09-43,2024-03-22-04-17-16,26814-0
163,2024-03-22-02-13-36,2024-03-22-05-36-13,26815-0
164,2024-03-22-02-49-58,2024-03-22-05-52-03,26816-0
165,2024-03-22-03-00-43,2024-03-22-07-27-45,26817-0
166,2024-03-22-04-48-25,2024-03-22-07-38-30,26819-0
167,2024-03-22-04-51-04,2024-03-22-09-28-10,26820-0
168,2024-03-22-06-02-12,2024-03-22-09-31-20,26821-0
169,2024-03-22-08-12-27,2024-03-25-17-31-31,26822-0
170,2024-03-22-08-39-21,2024-03-25-17-55-54,26823-0
171,2024-03-22-08-43-44,2024-03-25-18-30-07,26824-0
172,2024-03-22-08-50-11,2024-03-25-18-41-55,26825-0
173,2024-03-22-10-57-19,2024-03-25-19-55-04,26826-0
174,2024-03-25-17-26-29,2024-03-25-20-00-05,26828-0
175,2024-03-25-17-44-16,2024-03-25-21-47-12,26829-0
176,2024-03-25-20-04-29,2024-03-25-21-54-02,26831-0
177,2024-03-25-20-07-51,2024-03-25-22-51-51,26832-0
178,2024-03-25-22-02-09,2024-03-25-22-58-18,26833-0
179,2024-03-25-22-12-31,2024-03-26-00-28-37,26834-0
180,2024-03-26-00-38-47,2024-03-26-00-33-03,26835-0
181,2024-03-26-00-45-11,2024-03-26-02-27-47,26837-0
182,2024-03-26-01-36-41,2024-03-26-02-36-36,26838-0
183,2024-03-26-02-40-38,2024-03-26-05-26-47,26839-0
184,2024-03-26-03-39-26,2024-03-26-05-46-06,26841-0
185,2024-03-26-03-50-13,2025-02-05-19-50-48,26842-0
186,2024-03-26-05-15-40,2025-02-05-19-57-45,26843-0
187,2024-03-26-05-16-55,2025-02-05-20-00-45,26844-0
188,2024-03-26-05-49-55,2025-02-05-20-02-01,26845-0
189,2024-03-26-21-27-54,2025-02-05-20-04-26,26846-0
190,2024-03-26-21-30-28,2025-06-12-09-38-33,26847-0
191,2024-03-26-23-46-34,2025-06-12-09-46-09,26848-0
192,2024-03-27-01-41-42,2025-06-12-10-05-03,26849-0
193,2024-03-27-01-58-50,2025-06-12-10-10-12,26850-0
194,2024-03-28-18-29-01,2025-06-12-10-16-13,26851-0
195,2024-03-28-18-36-29,2024-03-29-03-54-23,26852-0
196,2024-03-28-20-11-00,2024-03-28-19-58-24,26853-0
197,2024-03-28-22-35-00,2024-03-28-20-14-07,26854-0
198,2024-03-28-23-03-36,2024-03-28-17-54-00,26855-0
199,2024-03-28-23-11-55,2024-03-28-20-51-34,26857-0
200,2024-03-29-00-11-42,,26858-0
201,2024-03-29-00-17-41,,26859-0
202,2024-03-29-07-22-46,,26860-0
203,2024-03-29-07-59-22,,normal-001
204,2024-03-29-08-09-18,,normal-002
205,2024-03-29-08-47-44,,normal-003
206,2024-03-29-09-00-22,,normal-004
207,2024-04-07-13-20-34,,normal-005
208,2024-04-07-14-44-42,,normal-006
209,2024-04-07-16-30-40,,normal-007
210,2024-04-07-19-47-01,,normal-008
211,2024-04-07-21-44-36,,normal-009
212,2024-04-07-21-50-40,,normal-010
213,2024-04-07-22-10-19,,normal-011
214,2024-04-07-22-21-59,,normal-012
215,2024-04-07-23-03-45,,normal-013
216,2024-04-07-23-05-22,,normal-014
217,2024-04-07-23-30-48,,normal-015
218,2024-04-08-02-34-18,,normal-016
219,2024-04-08-04-23-38,,normal-017
220,2024-04-08-05-24-57,,normal-018
221,2024-04-08-13-10-24,,normal-019
222,2024-04-08-13-18-31,,normal-020
223,2024-04-08-14-28-48,,normal-021
224,2024-04-08-16-04-20,,normal-022
225,2024-04-25-18-38-11,,normal-023
226,2024-04-25-21-25-00,,normal-024
227,2024-04-25-23-22-03,,normal-025
228,2024-04-26-01-15-08,,normal-026
229,2024-04-26-02-41-40,,normal-027
230,2024-04-26-03-44-44,,normal-028
231,2024-04-26-05-27-42,,normal-029
232,2024-04-26-05-33-11,,normal-030
233,2024-04-26-05-36-10,,normal-031
234,2024-04-28-18-15-32,,normal-032
235,2024-04-28-21-02-45,,normal-033
236,2024-04-28-22-11-27,,normal-034
237,2024-04-28-22-15-06,,normal-035
238,2024-04-28-22-36-58,,normal-036
239,2024-04-28-22-39-42,,normal-037
240,2024-04-28-22-54-40,,normal-038
241,2024-04-28-23-02-07,,normal-039
242,2024-04-29-00-12-12,,normal-040
243,2024-04-29-01-36-17,,normal-041
244,2024-04-29-02-37-46,,normal-042
245,2024-04-29-02-41-09,,normal-043
246,2024-04-29-02-43-46,,normal-044
247,2024-04-29-03-24-06,,normal-045
248,2024-04-29-05-57-32,,normal-046
249,2024-04-29-06-48-40,,normal-047
250,2024-04-29-13-17-20,,normal-048
251,2024-04-29-13-42-58,,normal-049
252,2024-04-29-14-07-23,,normal-050
253,2024-04-29-14-09-51,,normal-051
254,2024-04-29-14-35-36,,normal-052
255,2024-06-04-10-01-21,,normal-053
256,2024-06-04-10-52-19,,normal-054
257,2024-06-04-10-54-46,,normal-055
258,2025-02-05-16-22-28,,normal-056
259,2025-02-05-16-25-18,,normal-057
260,2025-02-05-16-26-50,,normal-058
261,2025-02-05-16-30-38,,normal-059
262,2025-02-05-16-32-13,,normal-060
263,2025-02-05-16-35-24,,normal-061
264,2025-02-05-16-36-33,,normal-062
265,2025-02-05-16-40-46,,normal-063
266,2025-02-05-16-46-36,,normal-064
267,2025-02-05-16-50-39,,normal-065
268,2025-02-05-16-52-18,,normal-066
269,2025-02-05-16-55-06,,normal-067
270,2025-02-05-16-57-33,,normal-068
271,2025-02-05-16-58-30,,normal-069
272,2025-02-05-16-59-34,,normal-070
273,2025-02-05-17-02-27,,normal-071
274,2025-02-05-17-11-21,,normal-072
275,2025-02-05-17-14-19,,normal-073
276,2025-02-05-17-15-54,,normal-074
277,2025-02-05-17-20-36,,normal-075
278,2025-02-05-17-23-11,,normal-076
279,2025-02-05-17-24-24,,normal-077
280,2025-02-05-17-27-59,,normal-078
281,2025-02-05-17-29-39,,normal-079
282,2025-02-05-17-37-56,,normal-080
283,2025-02-05-17-40-47,,normal-081
284,2025-02-05-17-42-11,,normal-082
285,2025-02-05-17-44-45,,normal-083
286,2025-02-05-17-48-03,,normal-084
287,2025-02-05-17-51-27,,normal-085
288,2025-02-05-17-53-14,,normal-087
289,2025-02-05-17-56-22,,normal-088
290,2025-02-05-18-03-18,,normal-089
291,2025-02-05-18-06-25,,normal-090
292,2025-02-05-18-07-26,,normal-091
293,2025-02-05-18-10-22,,normal-092
294,2025-02-05-18-12-07,,normal-093
295,2025-02-05-18-15-38,,normal-094
296,2025-02-05-18-18-02,,normal-095
297,2025-02-05-18-21-19,,normal-096
298,2025-02-05-18-31-10,,normal-097
299,2025-02-05-18-32-19,,normal-098
300,2025-02-05-18-35-45,,normal-099
301,2025-02-05-18-37-03,,normal-100
302,2025-02-05-18-39-00,,normal-101
303,2025-02-05-18-41-32,,normal-102
304,2025-02-05-18-43-06,,normal-103
305,2025-02-05-18-46-11,,normal-104
306,2025-02-05-18-54-25,,normal-105
307,2025-02-05-18-58-29,,normal-106
308,2025-02-05-19-00-03,,normal-107
309,2025-02-05-19-01-04,,normal-108
310,2025-02-05-19-04-17,,normal-109
311,2025-02-05-19-05-32,,normal-110
312,2025-02-05-19-08-35,,normal-111
313,2025-02-05-19-09-33,,normal-112
314,2025-02-05-19-16-15,,normal-113
315,2025-02-05-19-18-38,,normal-114
316,2025-02-05-19-22-03,,normal-115
317,2025-02-05-19-26-00,,normal-116
318,2025-02-05-19-27-23,,normal-117
319,2025-02-05-19-30-30,,normal-118
320,2024-03-21-17-59-57,,normal-119
321,2024-03-21-18-22-34,,normal-120
322,2024-03-21-18-59-43,,normal-121
323,2024-03-21-19-15-28,,normal-122
324,2024-03-21-19-52-34,,normal-123
325,2024-03-21-19-59-02,,normal-124
326,2024-03-21-20-06-13,,normal-125
327,2024-03-21-21-23-35,,normal-126
328,2024-03-21-22-36-31,,normal-127
329,2024-03-22-00-39-34,,normal-128
330,2024-03-22-02-52-37,,normal-129
331,2024-03-22-02-55-27,,normal-130
332,2024-03-22-02-57-34,,normal-131
333,2024-03-22-03-43-07,,normal-132
334,2024-03-22-05-02-24,,normal-133
335,2024-03-22-05-05-58,,normal-134
336,2024-03-22-05-07-49,,normal-135
337,2024-03-22-05-11-23,,normal-136
338,2024-03-22-06-38-03,,normal-137
339,2024-03-22-06-41-42,,normal-138
340,2024-03-22-06-43-17,,normal-139
341,2024-03-22-07-55-34,,normal-140
342,2024-03-22-10-37-37,,normal-141
343,2024-03-22-10-39-59,,normal-142
344,2024-03-22-10-42-58,,normal-143
345,2024-03-25-18-22-22,,
346,2024-03-25-21-07-57,,
347,2024-03-25-21-29-53,,normal-146
348,2024-03-25-21-32-38,,normal-147
349,2024-03-25-23-26-03,,normal-148
350,2024-03-25-23-27-36,,normal-149
351,2024-03-26-01-21-56,,normal-150
352,2024-03-26-01-24-40,,normal-151
353,2024-03-26-01-45-04,,normal-152
354,2024-03-26-01-57-37,,normal-153
355,2024-03-26-02-17-07,,normal-154
356,2024-03-26-02-19-13,,normal-155
357,2024-03-26-03-34-26,,normal-156
358,2024-03-26-03-38-08,,normal-157
359,2024-03-26-05-23-28,,normal-158
360,2024-03-26-06-25-19,,normal-159
361,2024-03-26-06-27-51,,normal-160
362,2024-03-26-19-48-33,,2025-02-05-20-05-40
363,2024-03-26-21-09-36,,2025-02-05-20-08-32
364,2024-03-26-23-00-29,,2025-02-05-20-11-49
365,2024-03-28-18-15-47,,2025-02-05-20-12-59
366,2024-03-28-18-18-44,,2025-02-05-20-15-50
367,2024-03-28-18-34-32,,2025-02-05-20-19-47
368,2024-03-28-19-53-53,,2025-02-05-20-25-06
369,2024-03-28-20-54-11,,2025-02-05-20-33-04
370,2024-03-28-22-57-01,,2025-02-05-20-36-28
371,2024-03-28-23-19-10,,2025-02-05-20-38-24
372,2024-03-28-23-48-02,,2025-02-05-20-48-38
373,2024-03-29-00-08-39,,2025-02-05-20-54-41
374,2024-03-29-00-34-01,,2025-02-05-20-56-03
375,2024-03-29-00-53-47,,2025-02-05-20-58-48
376,2024-03-29-00-57-00,,2025-02-05-21-04-00
377,2024-03-29-01-06-07,,2025-02-05-21-05-15
378,2024-03-29-04-16-51,,2025-02-05-21-09-13
379,2024-03-29-04-30-16,,2025-02-05-21-46-02
380,2024-03-29-06-28-27,,2025-02-05-22-35-36
381,2024-03-29-07-16-06,,2025-02-05-22-43-52
382,2024-03-29-07-40-03,,2025-06-12-10-19-19
383,2024-03-29-07-50-48,,2025-06-12-11-07-04
384,2024-03-29-09-41-34,,S2409328-
385,2024-04-07-13-06-16,,S2410279-
386,2024-04-07-17-18-10,,S2411466-3
387,2024-04-07-17-26-15,,S2412168-
388,2024-04-07-17-28-37,,S2412228-
389,2024-04-07-17-45-06,,S2413451-
390,2024-04-07-18-23-41,,S2413880-
391,2024-04-07-19-20-10,,S2414271-
392,2024-04-07-19-40-32,,S2414272-
393,2024-04-07-19-43-30,,S2414273-
394,2024-04-07-22-00-28,,S2415816-
395,2024-04-07-22-27-40,,S2416008-
396,2024-04-07-22-45-33,,S2416248-
397,2024-04-07-23-55-29,,S2500055-
398,2024-04-07-23-57-29,,S2500233-
399,2024-04-08-00-08-34,,S2500605-
400,2024-04-08-00-47-17,,VE0D4370000BB5
401,2024-04-08-00-48-49,,VE0D4370001451
402,2024-04-08-04-53-28,,2024-03-28-18-32-17
403,2024-04-08-12-54-45,,2024-03-28-20-47-05
404,2024-04-08-12-57-20,,2024-03-28-19-15-33
405,2024-04-08-13-27-45,,2024-03-26-18-07-23
406,2024-04-08-14-01-19,,2024-03-26-18-35-59
407,2024-04-08-15-32-13,,2024-03-28-22-00-14
408,2024-04-08-15-56-28,,2024-03-26-23-12-40
409,2024-04-25-17-42-22,,2024-03-28-21-27-11
410,2024-04-25-18-19-53,,2024-03-26-23-40-40
411,2024-04-25-18-49-11,,2024-03-29-06-46-30
412,2024-04-25-19-06-13,,2024-03-27-03-49-27
413,2024-04-25-19-11-33,,2024-03-26-20-16-04
414,2024-04-25-19-58-55,,2024-03-28-21-50-12
415,2024-04-25-20-17-23,,2024-03-29-04-49-34
416,2024-04-25-20-36-41,,2024-03-28-19-38-41
417,2024-04-25-20-54-51,,2024-03-26-20-32-33
418,2024-04-28-18-26-15,,2024-03-26-21-21-42
419,2024-04-28-20-09-03,,2024-03-29-02-52-35
420,2024-04-28-20-32-17,,2024-03-26-22-04-14
421,2024-04-28-22-41-54,,2024-03-26-19-03-47
422,2024-04-28-23-50-28,,
423,2024-04-29-00-18-57,,
424,2024-04-29-00-32-39,,
425,2024-04-29-03-13-37,,
426,2024-04-29-06-39-57,,
427,2024-04-29-07-04-09,,
428,2024-04-29-07-17-02,,
429,2024-04-29-08-29-17,,
430,2024-04-29-09-04-48,,
431,2024-04-29-09-52-11,,
432,2024-04-29-09-57-55,,
433,2024-04-29-10-40-28,,
434,2024-04-29-13-23-54,,
435,2024-04-29-15-01-27,,
436,2024-04-29-15-21-25,,
437,2024-04-29-15-40-02,,
438,2024-04-29-16-45-45,,
439,2024-09-06-13-03-06,,
440,2024-09-06-13-05-38,,
441,2024-09-06-13-09-29,,
442,2024-09-06-13-16-03,,
443,2024-09-06-13-18-02,,
444,2024-09-06-13-19-33,,
445,2024-09-06-13-22-40,,
446,2024-09-06-13-25-22,,
447,2024-09-06-13-27-39,,
448,2024-09-06-13-29-55,,
449,2024-09-06-13-31-55,,
450,2024-09-06-13-39-25,,
451,2024-09-06-13-42-23,,
452,2024-09-06-13-44-34,,
453,2024-09-06-13-47-19,,
454,2024-09-06-13-49-17,,
455,2024-09-06-13-51-42,,
456,2024-09-06-13-53-53,,
457,2024-09-06-13-56-17,,
458,2024-09-06-14-05-57,,
459,2024-09-06-14-08-05,,
460,2024-09-06-14-10-18,,
461,2024-09-06-14-12-44,,
462,2024-09-06-14-14-29,,
463,2024-09-06-14-16-29,,
464,2024-09-06-14-19-05,,
465,2024-09-06-14-20-51,,
466,2024-09-06-14-27-25,,
467,2024-09-06-14-28-16,,
468,2024-09-06-14-31-22,,
469,2024-09-06-14-34-27,,
470,2024-09-06-14-36-53,,
471,2024-09-06-14-39-13,,
472,2024-09-06-14-41-27,,
473,2024-09-06-14-44-20,,
474,2024-09-06-14-50-48,,
475,2024-09-06-14-53-36,,
476,2024-09-06-14-55-57,,
477,2024-09-06-14-57-55,,
478,2024-09-06-15-00-53,,
479,2024-09-06-15-02-21,,
480,2024-03-21-16-33-36,,
481,2024-03-21-16-49-22,,
482,2024-03-21-17-21-22,,
483,2024-03-21-17-53-16,,
484,2024-03-21-17-56-19,,
485,2024-03-21-18-06-15,,
486,2024-03-21-18-09-16,,
487,2024-03-21-18-56-09,,
488,2024-03-21-19-10-20,,
489,2024-03-21-19-19-43,,
490,2024-03-21-19-39-51,,
491,2024-03-21-19-43-34,,
492,2024-03-21-19-48-47,,
493,2024-03-21-19-55-33,,
494,2024-03-21-20-03-23,,
495,2024-03-21-20-15-33,,
496,2024-03-21-20-22-36,,
497,2024-03-21-20-36-39,,
498,2024-03-21-20-56-07,,
499,2024-03-21-21-06-35,,
500,2024-03-21-21-14-04,,
501,2024-03-21-21-16-36,,
502,2024-03-21-21-45-07,,
503,2024-03-21-21-47-46,,
504,2024-03-21-22-06-02,,
505,2024-03-21-22-30-04,,
506,2024-03-21-23-24-23,,
507,2024-03-21-23-39-37,,
508,2024-03-21-23-43-00,,
509,2024-03-21-23-45-20,,
510,2024-03-21-23-53-57,,
511,2024-03-22-00-00-29,,
512,2024-03-22-00-07-36,,
513,2024-03-22-00-15-28,,
514,2024-03-22-01-11-53,,
515,2024-03-22-01-12-58,,
516,2024-03-22-01-16-09,,
517,2024-03-22-01-18-35,,
518,2024-03-22-01-19-55,,
519,2024-03-22-01-32-32,,
520,2024-03-22-02-04-00,,
521,2024-03-22-02-15-07,,
522,2024-03-22-02-31-56,,
523,2024-03-22-02-34-56,,
524,2024-03-22-02-45-34,,
525,2024-03-22-02-48-51,,
526,2024-03-22-02-58-25,,
527,2024-03-22-03-07-00,,
528,2024-03-22-03-13-00,,
529,2024-03-22-03-15-45,,
530,2024-03-22-03-29-39,,
531,2024-03-22-03-30-59,,
532,2024-03-22-03-35-13,,
533,2024-03-22-03-54-08,,
534,2024-03-22-03-57-12,,
535,2024-03-22-04-06-13,,
536,2024-03-22-04-22-59,,
537,2024-03-22-04-25-59,,
538,2024-03-22-05-22-44,,
539,2024-03-22-05-26-16,,
540,2024-03-22-05-27-43,,
541,2024-03-22-05-31-00,,
542,2024-03-22-05-41-30,,
543,2024-03-22-05-43-12,,
544,2024-03-22-05-46-52,,
545,2024-03-22-06-10-47,,
546,2024-03-22-07-02-27,,
547,2024-03-22-07-24-46,,
548,2024-03-22-07-30-39,,
549,2024-03-22-07-33-34,,
550,2024-03-22-08-05-49,,
551,2024-03-22-08-07-12,,
552,2024-03-22-08-10-52,,
553,2024-03-22-08-27-39,,
554,2024-03-22-08-54-08,,
555,2024-03-22-08-56-32,,
556,2024-03-22-09-00-06,,
557,2024-03-22-09-23-46,,
558,2024-03-22-09-26-52,,
559,2024-03-22-09-34-55,,
560,2024-03-22-09-38-33,,
561,2024-03-22-09-42-19,,
562,2024-03-22-09-54-07,,
563,2024-03-22-09-56-12,,
564,2024-03-22-09-59-09,,
565,2024-03-22-10-18-40,,
566,2024-03-22-10-26-38,,
567,2024-03-22-10-32-38,,
568,2024-03-22-10-35-49,,
569,2024-03-22-11-10-23,,
570,2024-03-25-16-30-01,,
571,2024-03-25-16-33-22,,
572,2024-03-25-16-43-07,,
573,2024-03-25-16-52-34,,
574,2024-03-25-16-57-23,,
575,2024-03-25-16-58-07,,
576,2024-03-25-16-59-08,,
577,2024-03-25-17-09-04,,
578,2024-03-25-17-36-41,,
579,2024-03-25-17-52-22,,
580,2024-03-25-18-31-14,,
581,2024-03-25-18-34-45,,
582,2024-03-25-18-38-43,,
583,2024-03-25-18-48-37,,
584,2024-03-25-18-52-34,,
585,2024-03-25-19-03-46,,
586,2024-03-25-19-16-45,,
587,2024-03-25-19-21-33,,
588,2024-03-25-19-25-00,,
589,2024-03-25-19-26-30,,
590,2024-03-25-19-29-32,,
591,2024-03-25-19-41-02,,
592,2024-03-25-19-43-31,,
593,2024-03-25-19-46-00,,
594,2024-03-25-19-53-50,,
595,2024-03-25-20-16-43,,
596,2024-03-25-20-30-40,,
597,2024-03-25-20-33-23,,
598,2024-03-25-20-47-26,,
599,2024-03-25-20-50-43,,
600,2024-03-25-20-51-52,,
601,2024-03-25-20-54-16,,
602,2024-03-25-22-26-58,,
603,2024-03-25-22-31-58,,
604,2024-03-25-22-34-04,,
605,2024-03-25-22-55-04,,
606,2024-03-25-23-03-05,,
607,2024-03-25-23-16-44,,
608,2024-03-25-23-19-48,,
609,2024-03-25-23-39-24,,
610,2024-03-26-01-02-38,,
611,2024-03-26-01-04-40,,
612,2024-03-26-01-11-56,,
613,2024-03-26-01-33-14,,
614,2024-03-26-01-50-02,,
615,2024-03-26-01-52-26,,
616,2024-03-26-02-23-19,,
617,2024-03-26-02-26-42,,
618,2024-03-26-03-06-31,,
619,2024-03-26-03-08-55,,
620,2024-03-26-03-12-41,,
621,2024-03-26-03-14-21,,
622,2024-03-26-03-17-32,,
623,2024-03-26-03-19-25,,
624,2024-03-26-03-44-44,,
625,2024-03-26-03-48-09,,
626,2024-03-26-04-06-30,,
627,2024-03-26-04-25-09,,
628,2024-03-26-04-27-40,,
629,2024-03-26-04-51-15,,
630,2024-03-26-04-56-05,,
631,2024-03-26-05-07-17,,
632,2024-03-26-05-10-31,,
633,2024-03-26-05-33-00,,
634,2024-03-26-05-59-00,,
635,2024-03-26-06-15-47,,
636,2024-03-26-06-19-01,,
637,2024-03-26-06-21-08,,
638,2024-03-26-06-32-04,,
639,2024-03-26-17-30-49,,
640,2024-03-21-16-30-40,,
641,2024-03-21-16-37-19,,
642,2024-03-21-16-56-11,,
643,2024-03-21-16-59-29,,
644,2024-03-21-17-12-21,,
645,2024-03-21-17-28-51,,
646,2024-03-21-17-31-56,,
647,2024-03-21-17-41-47,,
648,2024-03-21-17-45-59,,
649,2024-03-21-17-49-53,,
650,2024-03-21-18-18-55,,
651,2024-03-21-18-27-57,,
652,2024-03-21-18-46-05,,
653,2024-03-21-19-13-08,,
654,2024-03-21-19-23-10,,
655,2024-03-21-19-34-15,,
656,2024-03-21-20-02-13,,
657,2024-03-21-20-09-25,,
658,2024-03-21-20-26-31,,
659,2024-03-21-21-09-52,,
660,2024-03-21-21-20-20,,
661,2024-03-21-21-27-29,,
662,2024-03-21-21-28-35,,
663,2024-03-21-21-31-56,,
664,2024-03-21-21-35-28,,
665,2024-03-21-21-38-36,,
666,2024-03-21-21-56-58,,
667,2024-03-21-22-00-19,,
668,2024-03-21-22-03-17,,
669,2024-03-21-22-08-35,,
670,2024-03-21-22-11-04,,
671,2024-03-21-22-13-38,,
672,2024-03-21-22-17-00,,
673,2024-03-21-22-19-40,,
674,2024-03-21-22-47-08,,
675,2024-03-21-22-50-15,,
676,2024-03-21-22-52-56,,
677,2024-03-21-22-57-48,,
678,2024-03-21-23-05-38,,
679,2024-03-21-23-15-57,,
680,2024-03-21-23-18-49,,
681,2024-03-21-23-21-35,,
682,2024-03-21-23-35-36,,
683,2024-03-22-00-03-50,,
684,2024-03-22-00-30-08,,
685,2024-03-22-00-33-10,,
686,2024-03-22-00-36-20,,
687,2024-03-22-01-04-45,,
688,2024-03-22-01-08-04,,
689,2024-03-22-01-10-41,,
690,2024-03-22-01-31-31,,
691,2024-03-22-01-37-04,,
692,2024-03-22-01-40-13,,
693,2024-03-22-01-43-12,,
694,2024-03-22-01-44-21,,
695,2024-03-22-01-47-46,,
696,2024-03-22-01-51-04,,
697,2024-03-22-02-07-06,,
698,2024-03-22-02-36-03,,
699,2024-03-22-02-53-56,,
700,2024-03-22-03-09-45,,
701,2024-03-22-03-38-21,,
702,2024-03-22-03-47-32,,
703,2024-03-22-03-58-10,,
704,2024-03-22-04-01-11,,
705,2024-03-22-04-07-18,,
706,2024-03-22-04-36-13,,
707,2024-03-22-04-39-12,,
708,2024-03-22-04-40-43,,
709,2024-03-22-04-44-38,,
710,2024-03-22-04-57-23,,
711,2024-03-22-05-00-49,,
712,2024-03-22-05-19-25,,
713,2024-03-22-05-32-33,,
714,2024-03-22-05-52-59,,
715,2024-03-22-06-15-15,,
716,2024-03-22-06-34-08,,
717,2024-03-22-06-47-54,,
718,2024-03-22-06-55-04,,
719,2024-03-22-07-05-43,,
720,2024-03-22-07-19-34,,
721,2024-03-22-07-22-02,,
722,2024-03-22-07-41-36,,
723,2024-03-22-07-44-29,,
724,2024-03-22-07-47-30,,
725,2024-03-22-07-51-46,,
726,2024-03-22-07-59-23,,
727,2024-03-22-09-09-37,,
728,2024-03-22-09-15-17,,
729,2024-03-22-09-19-54,,
730,2024-03-22-10-07-06,,
731,2024-03-22-10-19-42,,
732,2024-03-22-10-23-07,,
733,2024-03-22-10-28-21,,
734,2024-03-22-10-44-46,,
735,2024-03-22-10-54-30,,
736,2024-03-22-11-06-48,,
737,2024-03-25-17-05-05,,
738,2024-03-25-17-59-50,,
739,2024-03-25-18-01-07,,
740,2024-03-25-18-03-53,,
741,2024-03-25-18-11-38,,
742,2024-03-25-18-14-26,,
743,2024-03-25-18-16-13,,
744,2024-03-25-18-19-24,,
745,2024-03-25-18-26-48,,
746,2024-03-25-18-47-23,,
747,2024-03-25-18-54-01,,
748,2024-03-25-18-57-39,,
749,2024-03-25-19-07-40,,
750,2024-03-25-19-10-53,,
751,2024-03-25-19-33-05,,
752,2024-03-25-19-37-13,,
753,2024-03-25-19-40-03,,
754,2024-03-25-20-19-40,,
755,2024-03-25-20-22-36,,
756,2024-03-25-20-43-02,,
757,2024-03-25-20-55-46,,
758,2024-03-25-21-18-09,,
759,2024-03-25-21-34-39,,
760,2024-03-25-21-38-27,,
761,2024-03-25-21-43-35,,
762,2024-03-25-22-06-39,,
763,2024-03-25-22-09-48,,
764,2024-03-25-22-18-19,,
765,2024-03-25-22-38-17,,
766,2024-03-25-22-41-40,,
767,2024-03-25-22-43-57,,
768,2024-03-25-22-46-55,,
769,2024-03-25-22-48-03,,
770,2024-03-25-23-10-07,,
771,2024-03-25-23-14-08,,
772,2024-03-25-23-31-42,,
773,2024-03-25-23-46-15,,
774,2024-03-25-23-56-40,,
775,2024-03-26-00-00-17,,
776,2024-03-26-00-23-01,,
777,2024-03-26-00-25-58,,
778,2024-03-26-00-35-58,,
779,2024-03-26-00-50-57,,
780,2024-03-26-00-56-26,,
781,2024-03-26-01-08-21,,
782,2024-03-26-01-27-38,,
783,2024-03-26-01-42-22,,
784,2024-03-26-02-06-12,,
785,2024-03-26-02-12-21,,
786,2024-03-26-02-39-16,,
787,2024-03-26-02-45-14,,
788,2024-03-26-03-57-05,,
789,2024-03-26-04-15-21,,
790,2024-03-26-04-21-00,,
791,2024-03-26-04-23-49,,
792,2024-03-26-04-46-47,,
793,2024-03-26-04-59-49,,
794,2024-03-26-05-55-56,,
795,2024-03-26-06-01-38,,
796,2024-03-26-06-04-13,,
797,2024-03-26-06-06-59,,
798,2024-03-26-06-09-41,,
799,2024-03-26-06-12-44,,
